name,hex,r,g,b
Green,#00ff00,0,255,0
Air Force Blue (Raf),#5d8aa8,93,138,168
Air Force Blue (Usaf),#00308f,0,48,143
Air Superiority Blue,#72a0c1,114,160,193
Alabama Crimson,#a32638,163,38,56
Alice Blue,#f0f8ff,240,248,255
Alizarin Crimson,#e32636,227,38,54
Alloy Orange,#c46210,196,98,16
Almond,#efdecd,239,222,205
Amaranth,#e52b50,229,43,80
Amber,#ffbf00,255,191,0
Amber (Sae/Ece),#ff7e00,255,126,0
American Rose,#ff033e,255,3,62
Amethyst,#9966cc,153,102,204
Android Green,#a4c639,164,198,57
Anti-Flash White,#f2f3f4,242,243,244
Antique Brass,#cd9575,205,149,117
Antique Fuchsia,#915c83,145,92,131
Antique Ruby,#841b2d,132,27,45
Antique White,#faebd7,250,235,215
Ao (English),#008000,0,128,0
Apple Green,#8db600,141,182,0
Apricot,#fbceb1,251,206,177
Aqua,#00ffff,0,255,255
Aquamarine,#7fffd4,127,255,212
Army Green,#4b5320,75,83,32
Arsenic,#3b444b,59,68,75
Arylide Yellow,#e9d66b,233,214,107
Ash Grey,#b2beb5,178,190,181
Asparagus,#87a96b,135,169,107
Atomic Tangerine,#ff9966,255,153,102
Auburn,#a52a2a,165,42,42
Aureolin,#fdee00,253,238,0
Aurometalsaurus,#6e7f80,110,127,128
Avocado,#568203,86,130,3
Azure,#007fff,0,127,255
Azure Mist/Web,#f0ffff,240,255,255
Baby Blue,#89cff0,137,207,240
Baby Blue Eyes,#a1caf1,161,202,241
Baby Pink,#f4c2c2,244,194,194
Ball Blue,#21abcd,33,171,205
Banana Mania,#fae7b5,250,231,181
Banana Yellow,#ffe135,255,225,53
Barn Red,#7c0a02,124,10,2
Battleship Grey,#848482,132,132,130
Bazaar,#98777b,152,119,123
Beau Blue,#bcd4e6,188,212,230
Beaver,#9f8170,159,129,112
Beige,#f5f5dc,245,245,220
Big Dip O'Ruby,#9c2542,156,37,66
Bisque,#ffe4c4,255,228,196
Bistre,#3d2b1f,61,43,31
Bittersweet,#fe6f5e,254,111,94
Bittersweet Shimmer,#bf4f51,191,79,81
Black,#000000,0,0,0
Black Bean,#3d0c02,61,12,2
Black Leather Jacket,#253529,37,53,41
Black Olive,#3b3c36,59,60,54
Blanched Almond,#ffebcd,255,235,205
Blast-Off Bronze,#a57164,165,113,100
Bleu De France,#318ce7,49,140,231
Blizzard Blue,#ace5ee,172,229,238
Blond,#faf0be,250,240,190
Blue,#0000ff,0,0,255
Blue Bell,#a2a2d0,162,162,208
Blue (Crayola),#1f75fe,31,117,254
Blue Gray,#6699cc,102,153,204
Blue-Green,#0d98ba,13,152,186
Blue (Munsell),#0093af,0,147,175
Blue (Ncs),#0087bd,0,135,189
Blue (Pigment),#333399,51,51,153
Blue (Ryb),#0247fe,2,71,254
Blue Sapphire,#126180,18,97,128
Blue-Violet,#8a2be2,138,43,226
Blush,#de5d83,222,93,131
Bole,#79443b,121,68,59
Bondi Blue,#0095b6,0,149,182
Bone,#e3dac9,227,218,201
Boston University Red,#cc0000,204,0,0
Bottle Green,#006a4e,0,106,78
Boysenberry,#873260,135,50,96
Brandeis Blue,#0070ff,0,112,255
Brass,#b5a642,181,166,66
Brick Red,#cb4154,203,65,84
Bright Cerulean,#1dacd6,29,172,214
Bright Green,#66ff00,102,255,0
Bright Lavender,#bf94e4,191,148,228
Bright Maroon,#c32148,195,33,72
Bright Pink,#ff007f,255,0,127
Bright Turquoise,#08e8de,8,232,222
Bright Ube,#d19fe8,209,159,232
Brilliant Lavender,#f4bbff,244,187,255
Brilliant Rose,#ff55a3,255,85,163
Brink Pink,#fb607f,251,96,127
British Racing Green,#004225,0,66,37
Bronze,#cd7f32,205,127,50
Brown (Traditional),#964b00,150,75,0
Brown (Web),#a52a2a,165,42,42
Bubble Gum,#ffc1cc,255,193,204
Bubbles,#e7feff,231,254,255
Buff,#f0dc82,240,220,130
Bulgarian Rose,#480607,72,6,7
Burgundy,#800020,128,0,32
Burlywood,#deb887,222,184,135
Burnt Orange,#cc5500,204,85,0
Burnt Sienna,#e97451,233,116,81
Burnt Umber,#8a3324,138,51,36
Byzantine,#bd33a4,189,51,164
Byzantium,#702963,112,41,99
Cadet,#536872,83,104,114
Cadet Blue,#5f9ea0,95,158,160
Cadet Grey,#91a3b0,145,163,176
Cadmium Green,#006b3c,0,107,60
Cadmium Orange,#ed872d,237,135,45
Cadmium Red,#e30022,227,0,34
Cadmium Yellow,#fff600,255,246,0
Café Au Lait,#a67b5b,166,123,91
Café Noir,#4b3621,75,54,33
Cal Poly Green,#1e4d2b,30,77,43
Cambridge Blue,#a3c1ad,163,193,173
Camel,#c19a6b,193,154,107
Cameo Pink,#efbbcc,239,187,204
Camouflage Green,#78866b,120,134,107
Canary Yellow,#ffef00,255,239,0
Candy Apple Red,#ff0800,255,8,0
Candy Pink,#e4717a,228,113,122
Capri,#00bfff,0,191,255
Caput Mortuum,#592720,89,39,32
Cardinal,#c41e3a,196,30,58
Caribbean Green,#00cc99,0,204,153
Carmine,#960018,150,0,24
Carmine (M&P),#d70040,215,0,64
Carmine Pink,#eb4c42,235,76,66
Carmine Red,#ff0038,255,0,56
Carnation Pink,#ffa6c9,255,166,201
Carnelian,#b31b1b,179,27,27
Carolina Blue,#56a0d3,86,160,211
Carrot Orange,#ed9121,237,145,33
Castleton Green,#00563f,0,86,63
Catalina Blue,#062a78,6,42,120
Catawba,#703642,112,54,66
Cedar Chest,#c95a49,201,90,73
Ceil,#92a1cf,146,161,207
Celadon,#ace1af,172,225,175
Celadon Blue,#007ba7,0,123,167
Celadon Green,#2f847c,47,132,124
Celeste,#b2ffff,178,255,255
Celestial Blue,#4997d0,73,151,208
Cerise,#de3163,222,49,99
Cerise Pink,#ec3b83,236,59,131
Cerulean,#007ba7,0,123,167
Cerulean Blue,#2a52be,42,82,190
Cerulean Frost,#6d9bc3,109,155,195
Cg Blue,#007aa5,0,122,165
Cg Red,#e03c31,224,60,49
Chamoisee,#a0785a,160,120,90
Champagne,#f7e7ce,247,231,206
Charcoal,#36454f,54,69,79
Charleston Green,#232b2b,35,43,43
Charm Pink,#e68fac,230,143,172
Chartreuse (Traditional),#dfff00,223,255,0
Chartreuse (Web),#7fff00,127,255,0
Cherry,#de3163,222,49,99
Cherry Blossom Pink,#ffb7c5,255,183,197
Chestnut,#954535,149,69,53
China Pink,#de6fa1,222,111,161
China Rose,#a8516e,168,81,110
Chinese Red,#aa381e,170,56,30
Chinese Violet,#856088,133,96,136
Chocolate (Traditional),#7b3f00,123,63,0
Chocolate (Web),#d2691e,210,105,30
Chrome Yellow,#ffa700,255,167,0
Cinereous,#98817b,152,129,123
Cinnabar,#e34234,227,66,52
Cinnamon,#d2691e,210,105,30
Citrine,#e4d00a,228,208,10
Citron,#9fa91f,159,169,31
Claret,#7f1734,127,23,52
Classic Rose,#fbcce7,251,204,231
Cobalt Blue,#0047ab,0,71,171
Cocoa Brown,#d2691e,210,105,30
Coconut,#965a3e,150,90,62
Coffee,#6f4e37,111,78,55
Columbia Blue,#9bddff,155,221,255
Congo Pink,#f88379,248,131,121
Cool Black,#002e63,0,46,99
Cool Grey,#8c92ac,140,146,172
Copper,#b87333,184,115,51
Copper (Crayola),#da8a67,218,138,103
Copper Penny,#ad6f69,173,111,105
Copper Red,#cb6d51,203,109,81
Copper Rose,#996666,153,102,102
Coquelicot,#ff3800,255,56,0
Coral,#ff7f50,255,127,80
Coral Pink,#f88379,248,131,121
Coral Red,#ff4040,255,64,64
Cordovan,#893f45,137,63,69
Corn,#fbec5d,251,236,93
Cornell Red,#b31b1b,179,27,27
Cornflower Blue,#6495ed,100,149,237
Cornsilk,#fff8dc,255,248,220
Cosmic Latte,#fff8e7,255,248,231
Cotton Candy,#ffbcd9,255,188,217
Cream,#fffdd0,255,253,208
Crimson,#dc143c,220,20,60
Crimson Glory,#be0032,190,0,50
Cyan,#00ffff,0,255,255
Cyan (Process),#00b7eb,0,183,235
Daffodil,#ffff31,255,255,49
Dandelion,#f0e130,240,225,48
Dark Blue,#00008b,0,0,139
Dark Brown,#654321,101,67,33
Dark Byzantium,#5d3954,93,57,84
Dark Candy Apple Red,#a40000,164,0,0
Dark Cerulean,#08457e,8,69,126
Dark Chestnut,#986960,152,105,96
Dark Coral,#cd5b45,205,91,69
Dark Cyan,#008b8b,0,139,139
Dark Electric Blue,#536878,83,104,120
Dark Goldenrod,#b8860b,184,134,11
Dark Gray,#a9a9a9,169,169,169
Dark Green,#013220,1,50,32
Dark Imperial Blue,#00416a,0,65,106
Dark Jungle Green,#1a2421,26,36,33
Dark Khaki,#bdb76b,189,183,107
Dark Lava,#483c32,72,60,50
Dark Lavender,#734f96,115,79,150
Dark Magenta,#8b008b,139,0,139
Dark Midnight Blue,#003366,0,51,102
Dark Olive Green,#556b2f,85,107,47
Dark Orange,#ff8c00,255,140,0
Dark Orchid,#9932cc,153,50,204
Dark Pastel Blue,#779ecb,119,158,203
Dark Pastel Green,#03c03c,3,192,60
Dark Pastel Purple,#966fd6,150,111,214
Dark Pastel Red,#c23b22,194,59,34
Dark Pink,#e75480,231,84,128
Dark Powder Blue,#003399,0,51,153
Dark Puce,#4f3a3c,79,58,60
Dark Raspberry,#872657,135,38,87
Dark Red,#8b0000,139,0,0
Dark Salmon,#e9967a,233,150,122
Dark Scarlet,#560319,86,3,25
Dark Sea Green,#8fbc8f,143,188,143
Dark Sienna,#3c1414,60,20,20
Dark Slate Blue,#483d8b,72,61,139
Dark Slate Gray,#2f4f4f,47,79,79
Dark Spring Green,#177245,23,114,69
Dark Tan,#918151,145,129,81
Dark Tangerine,#ffa812,255,168,18
Dark Taupe,#483c32,72,60,50
Dark Terra Cotta,#cc4e5c,204,78,92
Dark Turquoise,#00ced1,0,206,209
Dark Violet,#9400d3,148,0,211
Dark Yellow,#9b870c,155,135,12
Dartmouth Green,#00703c,0,112,60
Davy'S Grey,#555555,85,85,85
Debian Red,#d70a53,215,10,83
Deep Carmine,#a9203e,169,32,62
Deep Carmine Pink,#ef3038,239,48,56
Deep Carrot Orange,#e9692c,233,105,44
Deep Cerise,#da3287,218,50,135
Deep Champagne,#fad6a5,250,214,165
Deep Chestnut,#b94e48,185,78,72
Deep Coffee,#704241,112,66,65
Deep Fuchsia,#c154c1,193,84,193
Deep Green,#056608,5,102,8
Deep Jungle Green,#004b49,0,75,73
Deep Lemon,#f5c71a,245,199,26
Deep Lilac,#9955bb,153,85,187
Deep Magenta,#cc00cc,204,0,204
Deep Mauve,#d473d4,212,115,212
Deep Moss Green,#355e3b,53,94,59
Deep Peach,#ffcba4,255,203,164
Deep Pink,#ff1493,255,20,147
Deep Puce,#a95c68,169,92,104
Deep Red,#850101,133,1,1
Deep Ruby,#843f5b,132,63,91
Deep Saffron,#ff9933,255,153,51
Deep Sky Blue,#00bfff,0,191,255
Deep Space Sparkle,#4a646c,74,100,108
Deep Taupe,#7e5e60,126,94,96
Deep Tuscan Red,#66424d,102,66,77
Deep Violet,#330066,51,0,102
Deer,#ba8759,186,135,89
Denim,#1560bd,21,96,189
Desert,#c19a6b,193,154,107
Desert Sand,#edc9af,237,201,175
Dim Gray,#696969,105,105,105
Dodger Blue,#1e90ff,30,144,255
Dogwood Rose,#d71868,215,24,104
Dollar Bill,#85bb65,133,187,101
Donkey Brown,#664c28,102,76,40
Drab,#967117,150,113,23
Duke Blue,#00009c,0,0,156
Dust Storm,#e5ccc9,229,204,201
Dutch White,#efdfbb,239,223,187
Earth Yellow,#e1a95f,225,169,95
Ebony,#555d50,85,93,80
Ecru,#c2b280,194,178,128
Eerie Black,#1b1b1b,27,27,27
Eggplant,#614051,97,64,81
Eggshell,#f0ead6,240,234,214
Egyptian Blue,#1034a6,16,52,166
Electric Blue,#7df9ff,125,249,255
Electric Crimson,#ff003f,255,0,63
Electric Cyan,#00ffff,0,255,255
Electric Green,#00ff00,0,255,0
Electric Indigo,#6f00ff,111,0,255
Electric Lavender,#f4bbff,244,187,255
Electric Lime,#ccff00,204,255,0
Electric Purple,#bf00ff,191,0,255
Electric Ultramarine,#3f00ff,63,0,255
Electric Violet,#8f00ff,143,0,255
Electric Yellow,#ffff00,255,255,0
Emerald,#50c878,80,200,120
Eminence,#6c3082,108,48,130
English Green,#1b4d3e,27,77,62
English Lavender,#b48395,180,131,149
English Red,#ab4b52,171,75,82
English Violet,#563c5c,86,60,92
Eton Blue,#96c8a2,150,200,162
Eucalyptus,#44d7a8,68,215,168
Fallow,#c19a6b,193,154,107
Falu Red,#801818,128,24,24
Fandango,#b53389,181,51,137
Fandango Pink,#de5285,222,82,133
Fashion Fuchsia,#f400a1,244,0,161
Fawn,#e5aa70,229,170,112
Feldgrau,#4d5d53,77,93,83
Feldspar,#fdd5b1,253,213,177
Fern Green,#4f7942,79,121,66
Ferrari Red,#ff2800,255,40,0
Field Drab,#6c541e,108,84,30
Firebrick,#b22222,178,34,34
Fire Engine Red,#ce2029,206,32,41
Flame,#e25822,226,88,34
Flamingo Pink,#fc8eac,252,142,172
Flattery,#6b4423,107,68,35
Flavescent,#f7e98e,247,233,142
Flax,#eedc82,238,220,130
Flirt,#a2006d,162,0,109
Floral White,#fffaf0,255,250,240
Fluorescent Orange,#ffbf00,255,191,0
Fluorescent Pink,#ff1493,255,20,147
Fluorescent Yellow,#ccff00,204,255,0
Folly,#ff004f,255,0,79
Forest Green (Traditional),#014421,1,68,33
Forest Green (Web),#228b22,34,139,34
French Beige,#a67b5b,166,123,91
French Bistre,#856d4d,85,109,77
French Blue,#0072bb,0,114,187
French Fuchsia,#fd3f92,253,63,146
French Lilac,#86608e,134,96,142
French Lime,#9efd38,158,253,56
French Mauve,#d473d4,212,115,212
French Pink,#fd6c9e,253,108,158
French Plum,#811453,129,20,83
French Puce,#4e1609,78,22,9
French Raspberry,#c72c48,199,44,72
French Rose,#f64a8a,246,74,138
French Sky Blue,#77b5fe,119,181,254
French Violet,#8806ce,136,6,206
French Wine,#ac1e44,172,30,68
Fresh Air,#a6e7ff,166,231,255
Fuchsia,#ff00ff,255,0,255
Fuchsia (Crayola),#c154c1,193,84,193
Fuchsia Pink,#ff77ff,255,119,255
Fuchsia Rose,#c74375,199,67,117
Fulvous,#e48400,228,132,0
Fuzzy Wuzzy,#cc6666,204,102,102
Gainsboro,#dcdcdc,220,220,220
Gamboge,#e49b0f,228,155,15
Gamboge Orange (Brown),#996600,153,102,0
Generic Viridian,#007f66,0,127,102
Ghost White,#f8f8ff,248,248,255
Giant'S Club,#b05c52,176,92,82
Ginger,#b06500,176,101,0
Glaucous,#6082b6,96,130,182
Glitter,#e6e8fa,230,232,250
Go Green,#00ab66,0,171,102
Gold (Metallic),#d4af37,212,175,55
Gold (Web) (Golden),#ffd700,255,215,0
Gold Fusion,#85754e,85,117,78
Golden Brown,#996515,153,101,21
Golden Poppy,#fcc200,252,194,0
Golden Yellow,#ffdf00,255,223,0
Goldenrod,#daa520,218,165,32
Granny Smith Apple,#a8e4a0,168,228,160
Grape,#6f2da8,111,45,168
Gray,#808080,128,128,128
Gray (Html/Css Gray),#808080,128,128,128
Gray (X11 Gray),#bebebe,190,190,190
Gray-Asparagus,#465945,70,89,69
Gray-Blue,#8c92ac,140,146,172
Green (Color Wheel) (X11 Green),#00ff00,0,255,0
Green (Crayola),#1cac78,28,172,120
Green (Html/Css Green),#008000,0,128,0
Green (Munsell),#00a877,0,168,119
Green (Ncs),#009f6b,0,159,107
Green (Pantone),#00ad43,0,173,67
Green (Pigment),#00a550,0,165,80
Green (Ryb),#66b032,102,176,50
Green-Yellow,#adff2f,173,255,47
Grizzly,#885818,136,88,24
Grullo,#a99a86,169,154,134
Guppie Green,#00ff7f,0,255,127
Halayà Úbe,#663854,102,56,84
Han Blue,#446ccf,68,108,207
Han Purple,#5218fa,82,24,250
Hansa Yellow,#e9d66b,233,214,107
Harlequin,#3fff00,63,255,0
Harvard Crimson,#c90016,201,0,22
Harvest Gold,#da9100,218,145,0
Heart Gold,#808000,128,128,0
Heliotrope,#df73ff,223,115,255
Heliotrope Gray,#aa98a9,170,152,169
Hollywood Cerise,#f400a1,244,0,161
Honeydew,#f0fff0,240,255,240
Honolulu Blue,#007fbf,0,127,191
Hooker'S Green,#49796b,73,121,107
Hot Magenta,#ff1dce,255,29,206
Hot Pink,#ff69b4,255,105,180
Hunter Green,#355e3b,53,94,59
Iceberg,#71a6d2,113,166,210
Icterine,#fcf75e,252,247,94
Imperial Blue,#002395,0,35,149
Imperial Purple,#66023c,66,2,60
Imperial Red,#ed2939,237,41,57
Inchworm,#b2ec5d,178,236,93
Independence,#4c516d,76,81,109
India Green,#138808,19,136,8
Indian Red,#cd5c5c,205,92,92
Indian Yellow,#e3a857,227,168,87
Indigo,#4b0082,75,0,130
Indigo (Dye),#091f92,9,31,146
Indigo (Web),#4b0082,75,0,130
International Klein Blue,#002fa7,0,47,167
International Orange (Aerospace),#ff4f00,255,79,0
International Orange (Engineering),#ba160c,186,22,12
International Orange (Golden Gate Bridge),#c0362c,192,54,44
Iris,#5a4fcf,90,79,207
Irresistible,#b3446c,179,68,108
Isabelline,#f4f0ec,244,240,236
Islamic Green,#009000,0,144,0
Italian Sky Blue,#b2ffff,178,255,255
Ivory,#fffff0,255,255,240
Jade,#00a86b,0,168,107
Japanese Carmine,#9d2933,157,41,51
Japanese Indigo,#264348,38,67,72
Japanese Violet,#5b3256,91,50,86
Jasmine,#f8de7e,248,222,126
Jasper,#d73b3e,215,59,62
Jazzberry Jam,#a50b5e,165,11,94
Jelly Bean,#da614e,218,97,78
Jet,#343434,52,52,52
Jonquil,#f4ca16,244,202,22
Jordy Blue,#8ab9f1,138,185,241
June Bud,#bdda57,189,218,87
Jungle Green,#29ab87,41,171,135
Kelly Green,#4cbb17,76,187,23
Kenyan Copper,#7c1c05,124,28,5
Keppel,#3ab09e,58,176,158
Khaki (Html/Css) (Khaki),#c3b091,195,176,145
Khaki (X11) (Light Khaki),#f0e68c,240,230,140
Kobe,#882d17,136,45,23
Kobi,#e79fc4,231,159,196
Kombu Green,#354230,53,66,48
Ksu Purple,#512888,81,40,136
Ku Crimson,#e8000d,232,0,13
La Salle Green,#087830,8,120,48
Languid Lavender,#d6cadd,214,202,221
Lapis Lazuli,#26619c,38,97,156
Laser Lemon,#ffff66,255,255,102
Laurel Green,#a9ba9d,169,186,157
Lava,#cf1020,207,16,32
Lavender (Floral),#b57edc,181,126,220
Lavender (Web),#e6e6fa,230,230,250
Lavender Blue,#ccccff,204,204,255
Lavender Blush,#fff0f5,255,240,245
Lavender Gray,#c4c3d0,196,195,208
Lavender Indigo,#9457eb,148,87,235
Lavender Magenta,#ee82ee,238,130,238
Lavender Mist,#e6e6fa,230,230,250
Lavender Pink,#fbaed2,251,174,210
Lavender Purple,#967bb6,150,123,182
Lavender Rose,#fba0e3,251,160,227
Lawn Green,#7cfc00,124,252,0
Lemon,#fff700,255,247,0
Lemon Chiffon,#fffacd,255,250,205
Lemon Curry,#cca01d,204,160,29
Lemon Glacier,#fdff00,253,255,0
Lemon Lime,#e3ff00,227,255,0
Lemon Meringue,#f6eabe,246,234,190
Lemon Yellow,#fff44f,255,244,79
Lenurple,#ba93d8,186,147,216
Licorice,#1a1110,26,17,16
Liberty,#545aa7,84,90,167
Light Apricot,#fdd5b1,253,213,177
Light Blue,#add8e6,173,216,230
Light Brown,#b5651d,181,101,29
Light Carmine Pink,#e66771,230,103,113
Light Cobalt Blue,#88ace0,136,172,224
Light Coral,#f08080,240,128,128
Light Cornflower Blue,#93ccea,147,204,234
Light Crimson,#f56991,245,105,145
Light Cyan,#e0ffff,224,255,255
Light Deep Pink,#ff5ccd,255,92,205
Light French Beige,#c8ad7f,200,173,127
Light Fuchsia Pink,#f984ef,249,132,239
Light Goldenrod Yellow,#fafad2,250,250,210
Light Gray,#d3d3d3,211,211,211
Light Green,#90ee90,144,238,144
Light Hot Pink,#ffb3de,255,179,222
Light Khaki,#f0e68c,240,230,140
Light Medium Orchid,#d39bcb,211,155,203
Light Moss Green,#addfad,173,223,173
Light Orange,#fed8b1,254,216,177
Light Orchid,#e6a8d7,230,168,215
Light Pastel Purple,#b19cd9,177,156,217
Light Pink,#ffb6c1,255,182,193
Light Red Ochre,#e97451,233,116,81
Light Salmon,#ffa07a,255,160,122
Light Salmon Pink,#ff9999,255,153,153
Light Sea Green,#20b2aa,32,178,170
Light Sky Blue,#87cefa,135,206,250
Light Slate Gray,#778899,119,136,153
Light Steel Blue,#b0c4de,176,196,222
Light Taupe,#b38b6d,179,139,109
Light Thulian Pink,#e68fac,230,143,172
Light Yellow,#ffffe0,255,255,224
Lilac,#c8a2c8,200,162,200
Lilac Luster,#ae98aa,174,152,170
Lime (Color Wheel),#bfff00,191,255,0
Lime (Web) (X11 Green),#00ff00,0,255,0
Lime Green,#32cd32,50,205,50
Limerick,#9dc209,157,194,9
Lincoln Green,#195905,25,89,5
Linen,#faf0e6,250,240,230
Lion,#c19a6b,193,154,107
Liseran Purple,#de6fa1,222,111,161
Little Boy Blue,#6ca0dc,108,160,220
Liver,#674c47,103,76,71
Liver (Dogs),#b86d29,184,109,41
Liver (Organ),#6c2e1f,108,46,31
Liver Chestnut,#987456,152,116,86
Livid,#6699cc,102,153,204
Lumber,#ffe4cd,255,228,205
Lust,#e62020,230,32,32
Macaroni And Cheese,#ffbd88,255,189,136
Madang,#b7f0be,183,240,190
Magenta,#ff00ff,255,0,255
Magenta (Crayola),#ff55a3,255,85,163
Magenta (Dye),#ca1f7b,202,31,123
Magenta (Pantone),#d0417e,208,65,126
Magenta (Process),#ff0090,255,0,144
Magenta Haze,#9f4576,159,69,118
Magenta-Pink,#cc338b,204,51,139
Magic Mint,#aaf0d1,170,240,209
Magnolia,#f8f4ff,248,244,255
Mahogany,#c04000,192,64,0
Maize,#fbec5d,251,236,93
Majorelle Blue,#6050dc,96,80,220
Malachite,#0bda51,11,218,81
Manatee,#979aaa,151,154,170
Mango Tango,#ff8243,255,130,67
Mantis,#74c365,116,195,101
Mardi Gras,#880085,136,0,133
Marigold,#eaa221,234,162,33
Maroon (Crayola),#c32148,195,33,72
Maroon (Html/Css),#800000,128,0,0
Maroon (X11),#b03060,176,48,96
Mauve,#e0b0ff,224,176,255
Mauve Taupe,#915f6d,145,95,109
Mauvelous,#ef98aa,239,152,170
May Green,#4c9141,76,145,65
Maya Blue,#73c2fb,115,194,251
Meat Brown,#e5b73b,229,183,59
Medium Aquamarine,#66ddaa,102,221,170
Medium Blue,#0000cd,0,0,205
Medium Candy Apple Red,#e2062c,226,6,44
Medium Carmine,#af4035,175,64,53
Medium Champagne,#f3e5ab,243,229,171
Medium Electric Blue,#035096,3,80,150
Medium Jungle Green,#1c352d,28,53,45
Medium Lavender Magenta,#dda0dd,221,160,221
Medium Orchid,#ba55d3,186,85,211
Medium Persian Blue,#0067a5,0,103,165
Medium Purple,#9370db,147,112,219
Medium Red-Violet,#bb3385,187,51,133
Medium Ruby,#aa4069,170,64,105
Medium Sea Green,#3cb371,60,179,113
Medium Sky Blue,#80daeb,128,218,235
Medium Slate Blue,#7b68ee,123,104,238
Medium Spring Bud,#c9dc87,201,220,135
Medium Spring Green,#00fa9a,0,250,154
Medium Taupe,#674c47,103,76,71
Medium Turquoise,#48d1cc,72,209,204
Medium Tuscan Red,#79443b,121,68,59
Medium Vermilion,#d9603b,217,96,59
Medium Violet-Red,#c71585,199,21,133
Mellow Apricot,#f8b878,248,184,120
Mellow Yellow,#f8de7e,248,222,126
Melon,#fdbcb4,253,188,180
Metallic Seaweed,#0a7e8c,10,126,140
Metallic Sunburst,#9c7c38,156,124,56
Mexican Pink,#e4007c,228,0,124
Midnight Blue,#191970,25,25,112
Midnight Green (Eagle Green),#004953,0,73,83
Mikado Yellow,#ffc40c,255,196,12
Mindaro,#e3f988,227,249,136
Ming,#36747d,54,116,125
Mint,#3eb489,62,180,137
Mint Cream,#f5fffa,245,255,250
Mint Green,#98ff98,152,255,152
Misty Rose,#ffe4e1,255,228,225
Moccasin,#faebd7,250,235,215
Mode Beige,#967117,150,113,23
Moonstone Blue,#73a9c2,115,169,194
Mordant Red 19,#ae0c00,174,12,0
Moss Green,#8a9a5b,138,154,91
Mountain Meadow,#30ba8f,48,186,143
Mountbatten Pink,#997a8d,153,122,141
Msu Green,#18453b,24,69,59
Mughal Green,#306030,48,96,48
Mulberry,#c54b8c,197,75,140
Mustard,#ffdb58,255,219,88
Naples Yellow,#fada5e,250,218,94
Navajo White,#ffdead,255,222,173
Navy,#000080,0,0,128
Navy Purple,#9457eb,148,87,235
Neon Carrot,#ffa343,255,163,67
Neon Fuchsia,#fe4164,254,65,100
Neon Green,#39ff14,57,255,20
New Car,#214fc6,33,79,198
New York Pink,#d7837f,215,131,127
Non-Photo Blue,#a4dded,164,221,237
North Texas Green,#059033,5,144,51
Nyanza,#e9ffdb,233,255,219
Ocean Boat Blue,#0077be,0,119,190
Ochre,#cc7722,204,119,34
Office Green,#008000,0,128,0
Old Burgundy,#43302e,67,48,46
Old Gold,#cfb53b,207,181,59
Old Heliotrope,#563c5c,86,60,92
Old Lace,#fdf5e6,253,245,230
Old Lavender,#796878,121,104,120
Old Mauve,#673147,103,49,71
Old Moss Green,#867e36,134,126,54
Old Rose,#c08081,192,128,129
Old Silver,#848482,132,132,130
Olive,#808000,128,128,0
Olive Drab #3,#6b8e23,107,142,35
Olive Drab #7,#3c341f,60,52,31
Olivine,#9ab973,154,185,115
Onyx,#353839,53,56,57
Opera Mauve,#b784a7,183,132,167
Orange (Color Wheel),#ff7f00,255,127,0
Orange (Crayola),#ff7538,255,117,56
Orange (Pantone),#ff5800,255,88,0
Orange (Ryb),#fb9902,251,153,2
Orange (Web),#ffa500,255,165,0
Orange Peel,#ff9f00,255,159,0
Orange-Red,#ff4500,255,69,0
Orange-Yellow,#f8d568,248,213,104
Orchid,#da70d6,218,112,214
Orchid Pink,#f2bdcd,242,189,205
Orioles Orange,#fb4f14,251,79,20
Otter Brown,#654321,101,67,33
Outer Space,#414a4c,65,74,76
Outrageous Orange,#ff6e4a,255,110,74
Oxford Blue,#002147,0,33,71
Ou Crimson Red,#990000,153,0,0
Pakistan Green,#006600,0,102,0
Palatinate Blue,#273be2,39,59,226
Palatinate Purple,#682860,104,40,96
Pale Aqua,#bcd4e6,188,212,230
Pale Blue,#afeeee,175,238,238
Pale Brown,#987654,152,118,84
Pale Carmine,#af4035,175,64,53
Pale Cerulean,#9bc4e2,155,196,226
Pale Chestnut,#ddadaf,221,173,175
Pale Copper,#da8a67,218,138,103
Pale Cornflower Blue,#abcdef,171,205,239
Pale Cyan,#87d3f8,135,211,248
Pale Gold,#e6be8a,230,190,138
Pale Goldenrod,#eee8aa,238,232,170
Pale Green,#98fb98,152,251,152
Pale Lavender,#dcd0ff,220,208,255
Pale Magenta,#f984e5,249,132,229
Pale Magenta-Pink,#ff99cc,255,153,204
Pale Pink,#fadadd,250,218,221
Pale Plum,#dda0dd,221,160,221
Pale Red-Violet,#db7093,219,112,147
Pale Robin Egg Blue,#96ded1,150,222,209
Pale Silver,#c9c0bb,201,192,187
Pale Spring Bud,#ecebbd,236,235,189
Pale Taupe,#bc987e,188,152,126
Pale Turquoise,#afeeee,175,238,238
Pale Violet,#cc99ff,204,153,255
Pale Violet-Red,#db7093,219,112,147
Pansy Purple,#78184a,120,24,74
Paolo Veronese Green,#009b7d,0,155,125
Papaya Whip,#ffefd5,255,239,213
Paradise Pink,#e63e62,230,62,98
Paris Green,#50c878,50,200,120
Pastel Blue,#aec6cf,174,198,207
Pastel Brown,#836953,131,105,83
Pastel Gray,#cfcfc4,207,207,196
Pastel Green,#77dd77,119,221,119
Pastel Magenta,#f49ac2,244,154,194
Pastel Orange,#ffb347,255,179,71
Pastel Pink,#dea5a4,222,165,164
Pastel Purple,#b39eb5,179,158,181
Pastel Red,#ff6961,255,105,97
Pastel Violet,#cb99c9,203,153,201
Pastel Yellow,#fdfd96,253,253,150
Patriarch,#800080,128,0,128
Payne'S Grey,#536878,83,104,120
Peach,#ffe5b4,255,229,180
Peach (Crayola),#ffcba4,255,203,164
Peach-Orange,#ffcc99,255,204,153
Peach Puff,#ffdab9,255,218,185
Peach-Yellow,#fadfad,250,223,173
Pear,#d1e231,209,226,49
Pearl,#eae0c8,234,224,200
Pearl Aqua,#88d8c0,136,216,192
Pearly Purple,#b768a2,183,104,162
Peridot,#e6e200,230,226,0
Periwinkle,#ccccff,204,204,255
Permanent Geranium Lake,#e12c2c,225,44,44
Persian Blue,#1c39bb,28,57,187
Persian Green,#00a693,0,166,147
Persian Indigo,#32127a,50,18,122
Persian Orange,#d99058,217,144,88
Persian Pink,#f77fbe,247,127,190
Persian Plum,#701c1c,112,28,28
Persian Red,#cc3333,204,51,51
Persian Rose,#fe28a2,254,40,162
Persimmon,#ec5800,236,88,0
Peru,#cd853f,205,133,63
Phlox,#df00ff,223,0,255
Phthalo Blue,#000f89,0,15,137
Phthalo Green,#123524,18,53,36
Picton Blue,#45b1e8,69,177,232
Pictorial Carmine,#c30b4e,195,11,78
Piggy Pink,#fddde6,253,221,230
Pine Green,#01796f,1,121,111
Pineapple,#563c0d,86,60,13
Pink,#ffc0cb,255,192,203
Pink (Pantone),#d74894,215,72,148
Pink Diamond (Ace Hardware Color),#f6d6de,246,214,222
Pink Diamond (Independent Retailers Colors),#f0d3dc,240,211,220
Pink Flamingo,#fc74fd,252,116,253
Pink Lace,#ffddf4,255,221,244
Pink Lavender,#d8b2d1,216,178,209
Pink-Orange,#ff9966,255,153,102
Pink Pearl,#e7accf,231,172,207
Pink Raspberry,#980036,152,0,54
Pink Sherbet,#f78fa7,247,143,167
Pistachio,#93c572,147,197,114
Platinum,#e5e4e2,229,228,226
Plum (Traditional),#8e4585,142,69,133
Plum (Web),#dda0dd,221,160,221
Pomp And Power,#86608e,134,96,142
Popstar,#be4f62,190,79,98
Portland Orange,#ff5a36,255,90,54
Powder Blue,#b0e0e6,176,224,230
Princeton Orange,#ff8f00,255,143,0
Prune,#701c1c,112,28,28
Prussian Blue,#003153,0,49,83
Psychedelic Purple,#df00ff,223,0,255
Puce,#cc8899,204,136,153
Puce Red,#722f37,114,47,55
Pullman Brown (Ups Brown),#644117,100,65,23
Pullman Green,#3b331c,59,51,28
Pumpkin,#ff7518,255,117,24
Purple (Html/Css),#800080,128,0,128
Purple (Munsell),#9f00c5,159,0,197
Purple (X11),#a020f0,160,32,240
Purple Heart,#69359c,105,53,156
Purple Mountain Majesty,#9678b6,150,120,182
Purple Navy,#4e5180,78,81,128
Purple Pizzazz,#fe4eda,254,78,218
Purple Taupe,#50404d,80,64,77
Purpureus,#9a4eae,154,78,174
Quartz,#51484f,81,72,79
Queen Blue,#436b95,67,107,149
Queen Pink,#e8ccd7,232,204,215
Quinacridone Magenta,#8e3a59,142,58,89
Rackley,#5d8aa8,93,138,168
Radical Red,#ff355e,255,53,94
Rajah,#fbab60,251,171,96
Raspberry,#e30b5d,227,11,93
Raspberry Glace,#915f6d,145,95,109
Raspberry Pink,#e25098,226,80,152
Raspberry Rose,#b3446c,179,68,108
Raw Sienna,#d68a59,214,138,89
Raw Umber,#826644,130,102,68
Razzle Dazzle Rose,#ff33cc,255,51,204
Razzmatazz,#e3256b,227,37,107
Razzmic Berry,#8d4e85,141,78,133
Rebecca Purple,#663399,102,51,153
Red,#ff0000,255,0,0
Red (Crayola),#ee204d,238,32,77
Red (Munsell),#f2003c,242,0,60
Red (Ncs),#c40233,196,2,51
Red (Pantone),#ed2939,237,41,57
Red (Pigment),#ed1c24,237,28,36
Red (Ryb),#fe2712,254,39,18
Red-Brown,#a52a2a,165,42,42
Red Devil,#860111,134,1,17
Red-Orange,#ff5349,255,83,73
Red-Purple,#e40078,228,0,120
Red-Violet,#c71585,199,21,133
Redwood,#a45a52,164,90,82
Regalia,#522d80,82,45,128
Registration Black,#000000,0,0,0
Resolution Blue,#002387,0,35,135
Rhythm,#777696,119,118,150
Rich Black,#004040,0,64,64
Rich Black (Fogra29),#010b13,1,11,19
Rich Black (Fogra39),#010203,1,2,3
Rich Brilliant Lavender,#f1a7fe,241,167,254
Rich Carmine,#d70040,215,0,64
Rich Electric Blue,#0892d0,8,146,208
Rich Lavender,#a76bcf,167,107,207
Rich Lilac,#b666d2,182,102,210
Rich Maroon,#b03060,176,48,96
Rifle Green,#444c38,68,76,56
Roast Coffee,#704241,112,66,65
Robin Egg Blue,#00cccc,0,204,204
Rocket Metallic,#8a7f80,138,127,128
Roman Silver,#838996,131,137,150
Rose,#ff007f,255,0,127
Rose Bonbon,#f9429e,249,66,158
Rose Ebony,#674846,103,72,70
Rose Gold,#b76e79,183,110,121
Rose Madder,#e32636,227,38,54
Rose Pink,#ff66cc,255,102,204
Rose Quartz,#aa98a9,170,152,169
Rose Red,#c21e56,194,30,86
Rose Taupe,#905d5d,144,93,93
Rose Vale,#ab4e52,171,78,82
Rosewood,#65000b,101,0,11
Rosso Corsa,#d40000,212,0,0
Rosy Brown,#bc8f8f,188,143,143
Royal Azure,#0038a8,0,56,168
Royal Blue,#002366,0,35,102
Royal Blue #2,#4169e1,65,105,225
Royal Fuchsia,#ca2c92,202,44,146
Royal Purple,#7851a9,120,81,169
Royal Yellow,#fada5e,250,218,94
Ruber,#ce4676,206,70,118
Rubine Red,#d10056,209,0,86
Ruby,#e0115f,224,17,95
Ruby Red,#9b111e,155,17,30
Ruddy,#ff0028,255,0,40
Ruddy Brown,#bb6528,187,101,40
Ruddy Pink,#e18e96,225,142,150
Rufous,#a81c07,168,28,7
Russet,#80461b,128,70,27
Russian Green,#679267,103,146,103
Russian Violet,#32174d,50,23,77
Rust,#b7410e,183,65,14
Rusty Red,#da2c43,218,44,67
Sacramento State Green,#00563f,0,86,63
Saddle Brown,#8b4513,139,69,19
Safety Orange,#ff7800,255,120,0
Safety Orange (Blaze Orange),#ff6700,255,103,0
Safety Yellow,#eed202,238,210,2
Saffron,#f4c430,244,196,48
Sage,#bcb88a,188,184,138
St. Patrick'S Blue,#23297a,23,41,122
Salmon,#fa8072,250,128,114
Salmon Pink,#ff91a4,255,145,164
Sand,#c2b280,194,178,128
Sand Dune,#967117,150,113,23
Sandstorm,#ecd540,236,213,64
Sandy Brown,#f4a460,244,164,96
Sandy Taupe,#967117,150,113,23
Sangria,#92000a,146,0,10
Sap Green,#507d2a,80,125,42
Sapphire,#0f52ba,15,82,186
Sapphire Blue,#0067a5,0,103,165
Satin Sheen Gold,#cba135,203,161,53
Scarlet,#ff2400,255,36,0
Scarlet #2,#fd0e35,253,14,53
Schauss Pink,#ff91af,255,145,175
School Bus Yellow,#ffd800,255,216,0
Screamin' Green,#76ff7a,118,255,122
Sea Blue,#006994,0,105,148
Sea Green,#2e8b57,46,139,87
Seal Brown,#59260b,89,38,11
Seashell,#fff5ee,255,245,238
Selective Yellow,#ffba00,255,186,0
Sepia,#704214,112,66,20
Shadow,#8a795d,138,121,93
Shadow Blue,#778ba5,119,139,165
Shampoo,#ffcff1,255,207,241
Shamrock Green,#009e60,0,158,96
Sheen Green,#8fd400,143,212,0
Shimmering Blush,#d98695,217,134,149
Shocking Pink,#fc0fc0,252,15,192
Shocking Pink (Crayola),#ff6fff,255,111,255
Sienna,#882d17,136,45,23
Silver,#c0c0c0,192,192,192
Silver Chalice,#acacac,172,172,172
Silver Lake Blue,#5d89ba,93,137,186
Silver Pink,#c4aead,196,174,173
Silver Sand,#bfc1c2,191,193,194
Sinopia,#cb410b,203,65,11
Skobeloff,#007474,0,116,116
Sky Blue,#87ceeb,135,206,235
Sky Magenta,#cf71af,207,113,175
Slate Blue,#6a5acd,106,90,205
Slate Gray,#708090,112,128,144
Smalt (Dark Powder Blue),#003399,0,51,153
Smitten,#c84186,200,65,134
Smoke,#738276,115,130,118
Smoky Black,#100c08,16,12,8
Snow,#fffafa,255,250,250
Soap,#cec8ef,206,200,239
Solid Pink,#893843,137,56,67
Sonic Silver,#757575,117,117,117
Spartan Crimson,#9e1316,158,19,22
Space Cadet,#1d2951,29,41,81
Spanish Bistre,#807532,128,117,50
Spanish Blue,#0070b8,0,112,184
Spanish Carmine,#d10047,209,0,71
Spanish Crimson,#e51a4c,229,26,76
Spanish Gray,#989898,152,152,152
Spanish Green,#009150,0,145,80
Spanish Orange,#e86100,232,97,0
Spanish Pink,#f7bfbe,247,191,190
Spanish Red,#e60026,230,0,38
Spanish Sky Blue,#00ffff,0,255,255
Spanish Violet,#4c2882,76,40,130
Spanish Viridian,#007f5c,0,127,92
Spicy Mix,#8b5f4d,139,95,77
Spiro Disco Ball,#0fc0fc,15,192,252
Spring Bud,#a7fc00,167,252,0
Spring Green,#00ff7f,0,255,127
Star Command Blue,#007bb8,0,123,184
Steel Blue,#4682b4,70,130,180
Steel Pink,#cc33cc,204,51,204
Stil De Grain Yellow,#fada5e,250,218,94
Stizza,#990000,153,0,0
Stormcloud,#4f666a,79,102,106
Straw,#e4d96f,228,217,111
Strawberry,#fc5a8d,252,90,141
Sunglow,#ffcc33,255,204,51
Sunray,#e3ab57,227,171,87
Sunset,#fad6a5,250,214,165
Sunset Orange,#fd5e53,253,94,83
Super Pink,#cf6ba9,207,107,169
Tan,#d2b48c,210,180,140
Tangelo,#f94d00,249,77,0
Tangerine,#f28500,242,133,0
Tangerine Yellow,#ffcc00,255,204,0
Tango Pink,#e4717a,228,113,122
Taupe,#483c32,72,60,50
Taupe Gray,#8b8589,139,133,137
Tea Green,#d0f0c0,208,240,192
Tea Rose (Orange),#f88379,248,131,121
Tea Rose (Rose),#f4c2c2,244,194,194
Teal,#008080,0,128,128
Teal Blue,#367588,54,117,136
Teal Deer,#99e6b3,153,230,179
Teal Green,#00827f,0,130,127
Telemagenta,#cf3476,207,52,118
Tenné (Tawny),#cd5700,205,87,0
Terra Cotta,#e2725b,226,114,91
Thistle,#d8bfd8,216,191,216
Thulian Pink,#de6fa1,222,111,161
Tickle Me Pink,#fc89ac,252,137,172
Tiffany Blue,#0abab5,10,186,181
Tiger'S Eye,#e08d3c,224,141,60
Timberwolf,#dbd7d2,219,215,210
Titanium Yellow,#eee600,238,230,0
Tomato,#ff6347,255,99,71
Toolbox,#746cc0,116,108,192
Topaz,#ffc87c,255,200,124
Tractor Red,#fd0e35,253,14,53
Trolley Grey,#808080,128,128,128
Tropical Rain Forest,#00755e,0,117,94
True Blue,#0073cf,0,115,207
Tufts Blue,#417dc1,65,125,193
Tulip,#ff878d,255,135,141
Tumbleweed,#deaa88,222,170,136
Turkish Rose,#b57281,181,114,129
Turquoise,#40e0d0,64,224,208
Turquoise Blue,#00ffef,0,255,239
Turquoise Green,#a0d6b4,160,214,180
Tuscan,#fad6a5,250,214,165
Tuscan Brown,#6f4e37,111,78,55
Tuscan Red,#7c4848,124,72,72
Tuscan Tan,#a67b5b,166,123,91
Tuscany,#c09999,192,153,153
Twilight Lavender,#8a496b,138,73,107
Tyrian Purple,#66023c,66,2,60
Ua Blue,#0033aa,0,51,170
Ua Red,#d9004c,217,0,76
Ube,#8878c3,136,120,195
Ucla Blue,#536895,83,104,149
Ucla Gold,#ffb300,255,179,0
Ufo Green,#3cd070,60,208,112
Ultramarine,#3f00ff,63,0,255
Ultramarine Blue,#4166f5,65,102,245
Ultra Pink,#ff6fff,255,111,255
Ultra Red,#fc6c85,252,108,133
Umber,#635147,99,81,71
Unbleached Silk,#ffddca,255,221,202
United Nations Blue,#5b92e5,91,146,229
University Of California Gold,#b78727,183,135,39
Unmellow Yellow,#ffff66,255,255,102
Up Forest Green,#014421,1,68,33
Up Maroon,#7b1113,123,17,19
Upsdell Red,#ae2029,174,32,41
Urobilin,#e1ad21,225,173,33
Usafa Blue,#004f98,0,79,152
Usc Cardinal,#990000,153,0,0
Usc Gold,#ffcc00,255,204,0
University Of Tennessee Orange,#f77f00,247,127,0
Utah Crimson,#d3003f,211,0,63
Vanilla,#f3e5ab,243,229,171
Vanilla Ice,#f38fa9,243,143,169
Vegas Gold,#c5b358,197,179,88
Venetian Red,#c80815,200,8,21
Verdigris,#43b3ae,67,179,174
Veronica,#a020f0,160,32,240
Violet,#8f00ff,143,0,255
Violet (Color Wheel),#7f00ff,127,0,255
Violet (Ryb),#8601af,134,1,175
Violet (Web),#ee82ee,238,130,238
Violet-Blue,#324ab2,50,74,178
Violet-Red,#f75394,247,83,148
Viridian,#40826d,64,130,109
Viridian Green,#009698,0,150,152
Vista Blue,#7c9ed9,124,158,217
Vivid Amber,#cc9900,204,153,0
Vivid Auburn,#922724,146,39,36
Vivid Burgundy,#9f1d35,159,29,53
Vivid Cerise,#da1d81,218,29,129
Vivid Cerulean,#00aaee,0,170,238
Vivid Crimson,#cc0033,204,0,51
Vivid Gamboge,#ff9900,255,153,0
Vivid Lime Green,#a6d608,166,214,8
Vivid Malachite,#00cc33,0,204,51
Vivid Mulberry,#b80ce3,184,12,227
Vivid Orange,#ff5f00,255,95,0
Vivid Orange Peel,#ffa000,255,160,0
Vivid Orchid,#cc00ff,204,0,255
Vivid Raspberry,#ff006c,255,0,108
Vivid Red,#f70d1a,247,13,26
Vivid Red-Tangelo,#df6124,223,97,36
Vivid Sky Blue,#00ccff,0,204,255
Vivid Tangelo,#f07427,240,116,39
Vivid Tangerine,#ffa089,255,160,137
Vivid Vermilion,#e56024,229,96,36
Vivid Violet,#9f00ff,159,0,255
Vivid Yellow,#ffe302,255,227,2
Warm Black,#004242,0,66,66
Waterspout,#a4f4f9,164,244,249
Wenge,#645452,100,84,82
Wheat,#f5deb3,245,222,179
White,#ffffff,255,255,255
White Smoke,#f5f5f5,245,245,245
Wild Blue Yonder,#a2add0,162,173,208
Wild Orchid,#d470a2,212,112,162
Wild Strawberry,#ff43a4,255,67,164
Wild Watermelon,#fc6c85,252,108,133
Willpower Orange,#fd5800,253,88,0
Windsor Tan,#a75502,167,85,2
Wine,#722f37,114,47,55
Wine Dregs,#673147,103,49,71
Wisteria,#c9a0dc,201,160,220
Wood Brown,#c19a6b,193,154,107
Xanadu,#738678,115,134,120
Yale Blue,#0f4d92,15,77,146
Yankees Blue,#1c2841,28,40,65
Yellow,#ffff00,255,255,0
Yellow (Crayola),#fce883,252,232,131
Yellow (Munsell),#efcc00,239,204,0
Yellow (Ncs),#ffd300,255,211,0
Yellow (Pantone),#fedf00,254,223,0
Yellow (Process),#ffef00,255,239,0
Yellow (Ryb),#fefe33,254,254,51
Yellow-Green,#9acd32,154,205,50
Yellow Orange,#ffae42,255,174,66
Yellow Rose,#fff000,255,240,0
Zaffre,#0014a8,0,20,168
Zinnwaldite Brown,#2c1608,44,22,8
Zomp,#39a78e,57,167,142

